customer_id,customer_name,city,country,signup_date
1,Aleksandr Weihmann,Goslar,Germany,2024-10-16
2,Dr. Paul Dobes B.Sc.,Backnang,Germany,2023-04-25
3,Bayram Harloff,Oberviechtach,Germany,2023-01-26
4,Karl-Jürgen Gumprich,Füssen,Germany,2025-01-29
5,Liesel Holsten B.Sc.,Vechta,Germany,2023-10-09
6,Ing. Erika Förster,Zossen,Germany,2023-09-08
7,Auguste Davids,Bruchsal,Germany,2023-08-17
8,Siegried Kaul,Bad Liebenwerda,Germany,2023-05-23
9,Kathrin Ebert MBA.,Querfurt,Germany,2025-01-24
10,Sandra Schottin,Roding,Germany,2023-04-15
11,Nikolaj Bohnbach B.Sc.,Hainichen,Germany,2024-11-23
12,Stanislaus Heintze,Konstanz,Germany,2025-01-28
13,Insa Schuster,Eberswalde,Germany,2024-07-12
14,Gislinde Häring,Viersen,Germany,2023-03-31
15,Leif Schuster,Pfaffenhofen an der Ilm,Germany,2024-08-27
16,Dr. Herwig Kramer B.Eng.,Tirschenreuth,Germany,2024-03-08
17,Sibylla Wilmsen,Geldern,Germany,2023-02-02
18,Romuald Jopich,Großenhain,Germany,2023-01-31
19,Ehrenfried Rosenow,Freudenstadt,Germany,2023-04-06
20,Dipl.-Ing. Svea Seifert MBA.,Grimmen,Germany,2023-08-12
21,Fabian Weinhage-Rörricht,Wolfratshausen,Germany,2023-08-27
22,Prof. Heiderose Klotz,Dessau,Germany,2024-06-01
23,Frau Notburga Biggen B.Sc.,Sebnitz,Germany,2024-09-08
24,Univ.Prof. Heimo Schenk,Kusel,Germany,2023-01-28
25,Lilli Mosemann-Rädel,Rastatt,Germany,2024-07-28
26,Milos Ullmann,Teterow,Germany,2023-07-23
27,Paola Segebahn,Calw,Germany,2025-01-03
28,Ilona Franke,Ahaus,Germany,2024-10-27
29,Yvette Otto,Ochsenfurt,Germany,2024-12-19
30,Sönke Schomber,Soltau,Germany,2024-07-12
31,Cornelius Köster B.A.,Sankt Goarshausen,Germany,2024-03-05
32,Janna Bähr,Karlsruhe,Germany,2023-08-14
33,Editha Bohlander,Reutlingen,Germany,2024-04-04
34,Augustin Wagenknecht,Berlin,Germany,2024-08-26
35,Carlo Sorgatz-Mülichen,Grimmen,Germany,2023-10-12
36,Dr. Uschi Reuter,Warendorf,Germany,2023-01-07
37,Heiderose Steckel,Mayen,Germany,2025-02-16
38,Bertha Hentschel B.A.,Höxter,Germany,2023-06-13
39,Klaus-Ulrich Röhrdanz,Rudolstadt,Germany,2024-12-15
40,Herr Arif Trommler B.Sc.,Bergzabern,Germany,2024-03-08
41,Stefano Kabus,Osterburg,Germany,2023-12-15
42,Ing. Mesut Neureuther B.A.,Wernigerode,Germany,2023-10-12
43,Dr. Raisa Mühle MBA.,Brilon,Germany,2023-06-09
44,Maurice Losekann,Lüneburg,Germany,2023-08-09
45,Dipl.-Ing. Solveig Vollbrecht,Suhl,Germany,2025-02-20
46,Ante Kusch,Bützow,Germany,2023-12-11
47,Dr. Donald Reising MBA.,Lüneburg,Germany,2023-04-15
48,Ing. Herwig Hering,Meißen,Germany,2023-04-05
49,Andrei Siering,Bremervörde,Germany,2024-01-25
50,Dr. Hansjürgen Neureuther MBA.,Lobenstein,Germany,2023-04-10
51,Dariusz Kramer,Königs Wusterhausen,Germany,2024-01-03
52,Ursula Ziegert,Gütersloh,Germany,2023-12-19
53,Univ.Prof. Waltrud Wagenknecht,Düren,Germany,2024-09-10
54,Geert Harloff B.Sc.,Wolfratshausen,Germany,2023-09-28
55,Anna Binner,Nürtingen,Germany,2023-02-14
56,Herr Wolf-Dietrich Pechel,Erding,Germany,2025-01-17
57,Konstantinos Börner,Luckau,Germany,2024-04-15
58,Werner Roskoth,Rosenheim,Germany,2024-07-03
59,Lorenzo Butte,Staßfurt,Germany,2023-05-08
60,Valeria Heß,Strausberg,Germany,2024-01-23
61,Edith Hettner,Deggendorf,Germany,2023-03-22
62,Irina Jopich,Amberg,Germany,2024-07-19
63,Luisa Rose B.Sc.,Pirmasens,Germany,2023-10-28
64,Janus Hettner B.A.,Berlin,Germany,2024-10-05
65,Ing. Friedhelm Franke MBA.,Schrobenhausen,Germany,2024-09-25
66,Meinolf Röhrdanz,Sternberg,Germany,2024-01-06
67,Walter Eimer,Chemnitz,Germany,2024-08-14
68,Pedro Röhrdanz,Guben,Germany,2023-07-16
69,Lisette Häring,Forchheim,Germany,2024-12-22
70,Jolanda Niemeier,Badoberan,Germany,2023-03-13
71,Manfred Löchel,Bad Liebenwerda,Germany,2023-02-16
72,Guiseppe Winkler,Soest,Germany,2024-11-08
73,Cathleen Weihmann,Querfurt,Germany,2023-08-22
74,Prof. Aenne Dowerg,Tübingen,Germany,2025-03-02
75,Jörn Beier-Koch II,Malchin,Germany,2023-10-24
76,Alwin Jäntsch-Knappe,Kaiserslautern,Germany,2023-03-23
77,Mirco Hering B.Sc.,Recklinghausen,Germany,2023-08-27
78,Prof. Nermin Förster,Eberswalde,Germany,2023-04-14
79,Dipl.-Ing. Aleksandr Gieß,Lörrach,Germany,2024-01-25
80,Ing. Daniel Zirme B.Sc.,Bad Kissingen,Germany,2023-10-12
81,Dr. Dagmar Mies B.Eng.,Geithain,Germany,2024-04-09
82,Herr Maurizio Gröttner MBA.,Görlitz,Germany,2024-10-12
83,Yilmaz Wirth,Jena,Germany,2024-01-09
84,Mariola Reising-Kabus,Chemnitz,Germany,2023-06-16
85,Cilly Salz,Bad Kissingen,Germany,2024-01-15
86,Korbinian Lübs,Wetzlar,Germany,2023-12-30
87,Ilonka auch Schlauchin,Kusel,Germany,2023-08-03
88,Ferdinand Beyer MBA.,Parchim,Germany,2024-11-17
89,Hans-Christian Losekann B.Sc.,Schwäbisch Gmünd,Germany,2023-10-01
90,Mariana Ebert,Ochsenfurt,Germany,2024-12-19
91,Marica Lange,Luckau,Germany,2024-11-30
92,Kreszentia Eckbauer,Lüdinghausen,Germany,2024-10-25
93,Marika Weiß-Gertz,Luckenwalde,Germany,2023-03-15
94,Gerfried Hörle,Malchin,Germany,2024-09-15
95,Irmingard Margraf,Sulzbach-Rosenberg,Germany,2024-10-12
96,Jens-Peter Mühle B.A.,Güstrow,Germany,2023-06-25
97,Antonie Weitzel,Suhl,Germany,2024-06-30
98,Dorota Gumprich,Aue,Germany,2025-01-16
99,Evangelos Mülichen,Miesbach,Germany,2023-09-08
100,Univ.Prof. Leni Gude,Norden,Germany,2023-06-17
101,Elena Finke-Sölzer,Wolmirstedt,Germany,2024-04-18
102,Reinhard Löffler,Eisenberg,Germany,2024-01-24
103,Anika Roht B.A.,Miesbach,Germany,2023-10-04
104,Rolf Mitschke-Stahr,Wunsiedel,Germany,2024-10-17
105,Loretta Tschentscher MBA.,Ebern,Germany,2024-12-05
106,Dipl.-Ing. Ellen Weitzel B.A.,Parchim,Germany,2024-07-24
107,Univ.Prof. Edith Höfig MBA.,Warendorf,Germany,2023-08-13
108,Edeltraud Heydrich,Herzberg,Germany,2024-12-02
109,Christian Flantz,Kulmbach,Germany,2023-11-29
110,Nikolas Hamann-Bolnbach,Ludwigsburg,Germany,2025-02-25
111,Kerstin Mohaupt,Beilngries,Germany,2025-03-05
112,Sepp Linke MBA.,Zschopau,Germany,2023-02-27
113,Ivonne Albers-Kitzmann,Worbis,Germany,2023-08-23
114,Silke Lindner-Renner,Neustadt am Rübenberge,Germany,2023-02-02
115,Ing. Heinz-Josef Neureuther B.Sc.,Husum,Germany,2023-11-20
116,Mirjam Gehringer-Mosemann,Schwerin,Germany,2024-02-15
117,Traugott Kreusel,Borken,Germany,2023-10-02
118,Dr. Sonja Misicher,Badibling,Germany,2023-03-09
119,Halina Junken,Mettmann,Germany,2023-08-05
120,Gerlinde Wesack,Görlitz,Germany,2024-08-03
121,Ing. Saskia Butte,Arnstadt,Germany,2025-01-05
122,Willibert Killer,Stadtroda,Germany,2023-11-19
123,Reinhart Siering,Wunsiedel,Germany,2023-08-06
124,William Hentschel,Artern,Germany,2024-11-02
125,Ernst-August Eberth-Mühle,Regensburg,Germany,2024-05-26
126,Holger Thies B.Eng.,Eggenfelden,Germany,2024-02-10
127,Reiner Fröhlich,Bützow,Germany,2024-10-20
128,Vito Jockel,Lichtenfels,Germany,2024-04-14
129,Arnfried Scheel B.A.,Uffenheim,Germany,2023-05-27
130,Sigrid Stolze,Rehau,Germany,2023-09-29
131,Hakan Reichmann,Stendal,Germany,2023-05-23
132,Annedore Patberg,Anklam,Germany,2023-09-10
133,Dipl.-Ing. Aysel Löwer,Sigmaringen,Germany,2025-02-01
134,Meral Fliegner MBA.,Wismar,Germany,2024-07-28
135,Louise Renner,Mühldorf am Inn,Germany,2024-07-05
136,Univ.Prof. Lilian Heuser,Goslar,Germany,2023-09-27
137,Fredo Mende,Wolmirstedt,Germany,2025-02-03
138,Larissa Schmidt MBA.,Augsburg,Germany,2024-08-21
139,Ing. Clarissa Neuschäfer B.A.,Grevesmühlen,Germany,2024-03-14
140,Ernestine Schenk,Rathenow,Germany,2024-08-20
141,Jochem Grein Groth,Gießen,Germany,2024-02-13
142,Dipl.-Ing. Kreszenz Werner,Tübingen,Germany,2024-01-06
143,Univ.Prof. Mia Noack MBA.,Bremervörde,Germany,2023-08-13
144,Dorina Lachmann,Havelberg,Germany,2023-05-22
145,Isabelle Röhrdanz,Magdeburg,Germany,2024-06-05
146,Giovanna Tintzmann,Gräfenhainichen,Germany,2024-05-20
147,Elif Heinrich,Werdau,Germany,2023-04-04
148,Gino Dussen van B.A.,Fürstenfeldbruck,Germany,2025-02-12
149,Ing. Mirjam Schacht B.Eng.,Eutin,Germany,2023-02-18
150,Dorothea Klingelhöfer,Hannoversch Münden,Germany,2023-04-23
151,Nils Reinhardt,Gunzenhausen,Germany,2023-06-06
152,Zlatko Bloch,Vechta,Germany,2024-10-04
153,Marco Weller-Noack,Anklam,Germany,2023-06-13
154,Isa Naser,Hünfeld,Germany,2025-03-22
155,Herr Felix Müller,Berchtesgaden,Germany,2024-11-27
156,Jasmina Briemer-Rust,Duderstadt,Germany,2024-03-08
157,Ruben Rose-Jähn,Grafenau,Germany,2024-09-02
158,Karl-Heinz Wieloch,Schlüchtern,Germany,2023-03-07
159,Prof. Hans-Hermann Mende MBA.,Rudolstadt,Germany,2024-01-30
160,Ing. Lara Scholl,Schongau,Germany,2024-01-26
161,Willfried Wiek,Schwäbisch Hall,Germany,2024-09-02
162,Franco Speer B.Sc.,Gerolzhofen,Germany,2024-04-24
163,Prof. Arne Franke,Ludwigslust,Germany,2024-06-25
164,Marlies Scheibe MBA.,Backnang,Germany,2023-09-15
165,Ing. Nikolas Holzapfel MBA.,Torgau,Germany,2024-07-20
166,Ing. Ricardo Zorbach B.A.,Celle,Germany,2023-01-12
167,Univ.Prof. Clemens Hethur B.A.,Beeskow,Germany,2024-11-27
168,Ing. Konstantinos Weiß,Mayen,Germany,2025-01-08
169,Horst-Dieter Stroh,Viechtach,Germany,2023-04-28
170,Veronique Heydrich-Otto,Mayen,Germany,2024-11-29
171,Kristian Benthin,Wittenberg,Germany,2024-07-03
172,Liselotte Hermann,Bremen,Germany,2025-02-07
173,Univ.Prof. Sergio Ruppert B.Sc.,Roding,Germany,2023-10-01
174,Ralf-Dieter Wernecke,München,Germany,2025-02-26
175,Traute Holsten B.A.,Sigmaringen,Germany,2024-10-18
176,Frau Isabel Keudel MBA.,Hettstedt,Germany,2023-12-15
177,Stavros Fritsch,Lörrach,Germany,2023-04-25
178,Ing. Maria-Theresia Kühnert B.Sc.,Brandenburg,Germany,2023-10-28
179,Elisa Junitz,Luckau,Germany,2024-03-21
180,Mattias Riehl,Lübben,Germany,2023-06-11
181,Dominic Pohl,Schwerin,Germany,2024-04-09
182,Univ.Prof. Inga Wesack B.Sc.,Groß-Gerau,Germany,2023-01-04
183,Vinzenz Hövel-Mangold,Cottbus,Germany,2025-01-09
184,Zenon Schuchhardt,Wanzleben,Germany,2025-01-06
185,Ing. Karl-August Austermühle,Bremervörde,Germany,2023-09-27
186,Herr Herrmann Drubin B.A.,Weimar,Germany,2024-05-27
187,Josefine Trapp,Lübeck,Germany,2025-02-19
188,Dipl.-Ing. Elena Meyer B.A.,Erkelenz,Germany,2023-07-02
189,Steve Bohnbach-Hofmann,Hünfeld,Germany,2024-06-03
190,Roswitha Adler,Wertingen,Germany,2023-04-19
191,Senta Schaaf,Dresden,Germany,2024-10-02
192,Kati Nette B.Eng.,Querfurt,Germany,2023-11-02
193,Irena Jungfer-Graf,Riesa,Germany,2024-10-16
194,Edelgard Wulf-Langern,Hersbruck,Germany,2024-06-03
195,Univ.Prof. Traude Kranz MBA.,Norden,Germany,2024-09-15
196,Carl Paffrath,Burgdorf,Germany,2023-07-23
197,Astrid Putz MBA.,Werdau,Germany,2023-06-06
198,Hardy Sölzer-Förster,München,Germany,2024-01-18
199,Gerta Scholz,Stadtroda,Germany,2025-02-19
200,Slavko Jüttner,Hersbruck,Germany,2023-06-15
201,Prof. Amalie Schönland B.Sc.,Senftenberg,Germany,2024-07-06
202,Dorothea Weinhold,Marienberg,Germany,2025-03-08
203,Raimund Schulz,Melle,Germany,2024-06-27
204,Univ.Prof. Georgios Baum,Hildesheim,Germany,2023-01-01
205,Gabriel Klemt,Malchin,Germany,2024-09-05
206,Evangelos Radisch-Langern,Eilenburg,Germany,2023-11-28
207,Herr Leo Kranz,Nordhausen,Germany,2024-05-15
208,Erhardt Misicher-Schweitzer,Mittweida,Germany,2023-01-20
209,Marica Anders,Hagenow,Germany,2023-04-25
210,Herr Heinz-Wilhelm Kaul,Soltau,Germany,2024-01-07
211,Univ.Prof. Elfriede Meyer,Feuchtwangen,Germany,2023-11-11
212,Silke Nette-Döring,Kronach,Germany,2023-09-03
213,Lene Hübel,Aschaffenburg,Germany,2023-03-01
214,Emmy Anders-Rosemann,Schlüchtern,Germany,2023-09-04
215,Ing. Peggy Hein B.Eng.,Sigmaringen,Germany,2024-08-03
216,Lothar Hermann B.A.,Sebnitz,Germany,2023-03-22
217,Gernot Zirme,Bad Brückenau,Germany,2023-03-29
218,Myriam Eigenwillig,Hamburg,Germany,2025-01-19
219,Nelli Liebelt,Finsterwalde,Germany,2024-05-12
220,Reza Reuter-Kobelt,Eckernförde,Germany,2023-03-12
221,Traude Nerger,Wolfratshausen,Germany,2025-02-17
222,Romy Drewes,Biedenkopf,Germany,2024-06-29
223,Pietro Hecker-Stey,Ravensburg,Germany,2025-02-23
224,Antje Zobel,Ansbach,Germany,2023-05-09
225,Kathrin Ebert,Kelheim,Germany,2023-05-12
226,Lidija Kranz,Bützow,Germany,2024-11-06
227,Dipl.-Ing. Aleksandr Scholl B.Eng.,Stade,Germany,2024-05-01
228,Manuel Mitschke,Stadtroda,Germany,2024-07-16
229,Frau Britt Bien,Hansestadttralsund,Germany,2023-06-19
230,Frau Ariane Heinz B.A.,Mettmann,Germany,2023-09-29
231,Marie-Theres Weimer,Rottweil,Germany,2024-06-24
232,Thorben Liebelt-Sölzer,Neustadtner Waldnaab,Germany,2024-09-13
233,Ing. Alwina Stumpf,Fürstenwalde,Germany,2024-03-09
234,Ingeburg Heinz B.Eng.,Torgau,Germany,2023-08-05
235,Kirsten Seidel,Beilngries,Germany,2024-07-06
236,Erdmute Grein Groth-Eberhardt,Bremen,Germany,2025-02-12
237,Marijan Schwital B.Sc.,Holzminden,Germany,2025-01-17
238,Dr. Reza Rosemann B.A.,Zschopau,Germany,2024-12-07
239,Klaus-Michael Hande B.A.,Donaueschingen,Germany,2023-07-25
240,Frederik Fiebig,Plauen,Germany,2024-12-31
241,Reni Gertz,Stendal,Germany,2023-11-16
242,Carsten Austermühle,Germersheim,Germany,2024-02-13
243,Albertine Gertz,Badoberan,Germany,2024-11-18
244,Pawel Linke-Putz,Wolfenbüttel,Germany,2024-10-27
245,Ibrahim Meister,Oschatz,Germany,2024-01-18
246,Henner Paffrath,Schwabmünchen,Germany,2024-03-24
247,Ottmar Ziegert,Miltenberg,Germany,2024-06-13
248,Ante Naser,Main-Höchst,Germany,2024-04-07
249,Isidor Trub,Bersenbrück,Germany,2023-05-04
250,Gordon Schlosser,Berchtesgaden,Germany,2023-09-11
251,Freddy Scholz-Schulz,Kronach,Germany,2023-08-19
252,Insa Pärtzelt,Burg,Germany,2023-03-07
253,Slawomir Sölzer,Malchin,Germany,2023-12-13
254,Swetlana Heidrich MBA.,Mettmann,Germany,2023-01-22
255,Herma Vollbrecht-Dehmel,Main-Höchst,Germany,2024-08-25
256,Marianne Hermighausen,Döbeln,Germany,2024-07-21
257,Frau Antoinette Caspar B.Sc.,Bruchsal,Germany,2023-08-24
258,Rosel Ehlert,Rottweil,Germany,2024-08-25
259,Marie-Theres Eberhardt,Jülich,Germany,2023-08-14
260,Univ.Prof. Anita Hövel,Jessen,Germany,2023-01-08
261,Kilian Patberg,Düren,Germany,2023-03-14
262,Dr. Siegried Dörr B.Eng.,Celle,Germany,2024-12-25
263,Lena Hecker,Regen,Germany,2024-10-08
264,Leif Sontag,Augsburg,Germany,2023-03-02
265,Ing. Nikola Wiek,Höxter,Germany,2023-08-23
266,Adolfine Girschner,Rehau,Germany,2023-03-11
267,Annegret Faust-Weihmann,Bremen,Germany,2023-02-02
268,Hans-Heinrich Lindner MBA.,Ebermannstadt,Germany,2023-12-05
269,Franziska Ullmann,Reutlingen,Germany,2023-03-14
270,Thomas Birnbaum,Ebermannstadt,Germany,2024-06-10
271,Michel Butte,Meißen,Germany,2023-09-01
272,Dipl.-Ing. Lissy Margraf,Guben,Germany,2023-10-13
273,Piotr Peukert B.Sc.,Malchin,Germany,2024-11-16
274,Frieder Stiebitz,Passau,Germany,2024-05-12
275,Angelica Hartmann,Sankt Goarshausen,Germany,2023-08-08
276,Adalbert Haase,Freudenstadt,Germany,2024-07-06
277,Ralf-Peter Hermighausen-Hoffmann,Coburg,Germany,2023-05-16
278,Jacek Weinhold,Eisenach,Germany,2025-01-10
279,Hans-Hermann Reichmann-Tlustek,Nördlingen,Germany,2024-08-07
280,Annekatrin Kruschwitz,Marktheidenfeld,Germany,2024-08-13
281,Hermann Josef Buchholz,Rockenhausen,Germany,2024-04-29
282,Prof. Helene Tröst,Hainichen,Germany,2023-09-06
283,Hansjoachim Bärer,Eilenburg,Germany,2025-03-14
284,Sara Stumpf B.Eng.,Marktheidenfeld,Germany,2024-04-29
285,Eugen Mälzer,Pasewalk,Germany,2024-02-21
286,Hans-Theo Jessel,Gadebusch,Germany,2023-07-14
287,Pia Geisler,Oranienburg,Germany,2023-04-07
288,Josip Pergande,Iserlohn,Germany,2023-04-10
289,Mona Seidel,Gera,Germany,2024-11-05
290,Claus Hertrampf,Einbeck,Germany,2024-03-17
291,Raimund Werner-Sölzer,Eisenberg,Germany,2023-12-29
292,Dipl.-Ing. Norma Rose MBA.,Sebnitz,Germany,2024-03-09
293,Carla Mans,München,Germany,2024-02-25
294,Magda Jähn B.Eng.,Jessen,Germany,2024-04-23
295,Gero Misicher,Bad Kissingen,Germany,2025-01-16
296,Hans-Erich Hörle,Spremberg,Germany,2023-02-25
297,Leonid Scheibe,Moers,Germany,2024-11-20
298,Helmuth Rudolph,Hettstedt,Germany,2024-10-31
299,Prof. Carla Bolander MBA.,Illertissen,Germany,2024-10-23
300,Jann Seidel,Bad Kreuznach,Germany,2023-04-11
301,Univ.Prof. Heinz-Otto Mangold B.A.,Kitzingen,Germany,2023-03-04
302,Hanny Lange,Sömmerda,Germany,2024-02-17
303,Rico Schüler,Berchtesgaden,Germany,2025-01-15
304,Antonietta Roht,Güstrow,Germany,2023-12-14
305,Mirjam Sontag,Holzminden,Germany,2025-03-30
306,Klaus-D. Spieß,Jena,Germany,2023-04-22
307,Wilma Sölzer,Darmstadt,Germany,2023-09-12
308,Gero Römer,Sonneberg,Germany,2023-07-16
309,Roselinde Eckbauer,Spremberg,Germany,2023-07-14
310,Prof. Greta Bähr,Heiligenstadt,Germany,2024-07-03
311,Dr. Götz Wilms,Euskirchen,Germany,2024-04-04
312,Dr. Curt Buchholz B.Eng.,Ochsenfurt,Germany,2023-05-24
313,Maxim Kallert,Sankt Goar,Germany,2024-03-08
314,Carmine Fröhlich-Girschner,Werdau,Germany,2023-07-07
315,Anette Langern B.Eng.,Melle,Germany,2023-10-13
316,Nina Weiß,Genthin,Germany,2024-04-18
317,Ing. Wulf Ziegert MBA.,Kelheim,Germany,2023-09-13
318,Irmengard Wilmsen B.Eng.,Nürtingen,Germany,2023-03-19
319,Dr. Rosita Gute,Gransee,Germany,2024-03-29
320,Marian Nerger,Rastatt,Germany,2024-07-17
321,Nurettin Plath,Güstrow,Germany,2023-04-11
322,Ralf-Dieter Fritsch,Meppen,Germany,2023-02-21
323,Selim Mälzer-Conradi,Meppen,Germany,2024-10-29
324,Uta Bauer,Bamberg,Germany,2024-07-07
325,Joanna Köster-Heinz,Bogen,Germany,2023-01-16
326,Dorle Baum,Burg,Germany,2023-04-06
327,Regine Fiebig,Bad Kissingen,Germany,2025-02-10
328,Trude Mude,Zerbst,Germany,2023-08-31
329,Dipl.-Ing. Louise Adolph B.Sc.,Grevenbroich,Germany,2023-06-20
330,Sergej Fischer MBA.,Hagenow,Germany,2024-02-21
331,Ing. Burghard Biggen B.A.,Soltau,Germany,2024-05-12
332,Annamaria Dörschner MBA.,Senftenberg,Germany,2024-05-07
333,Univ.Prof. Claudio Hornich MBA.,Schwabmünchen,Germany,2023-08-07
334,Ehrentraud Rudolph,Erding,Germany,2024-02-15
335,Jonas Klingelhöfer,Passau,Germany,2023-03-02
336,Hans-Martin Möchlichen,Sigmaringen,Germany,2023-06-18
337,Gunhild Herrmann-Weinhold,Jüterbog,Germany,2024-01-24
338,Hagen Hendriks,Rostock,Germany,2023-01-03
339,Blanka Beyer,Pritzwalk,Germany,2024-02-04
340,Rosemarie Seifert,Tirschenreuth,Germany,2023-09-29
341,Mary Naser B.A.,Belzig,Germany,2025-03-13
342,Amanda Hornig B.A.,Finsterwalde,Germany,2025-03-14
343,Gino Jessel,Prenzlau,Germany,2024-04-10
344,Ing. Amanda Weller B.A.,Jüterbog,Germany,2023-10-20
345,Stjepan Sölzer,Guben,Germany,2024-03-09
346,Roger Koch,Lippstadt,Germany,2024-12-14
347,Sylwia Krause B.Eng.,Nordhausen,Germany,2025-01-18
348,Ing. Undine Pohl B.Eng.,Wesel,Germany,2025-03-13
349,Frau Hulda Schleich,Pritzwalk,Germany,2024-07-23
350,Friedhilde Dobes,Hofgeismar,Germany,2024-11-08
351,Florence Matthäi,Eggenfelden,Germany,2025-01-05
352,Gina Matthäi B.Sc.,Schwabmünchen,Germany,2024-05-13
353,Ing. Mandy Zorbach,Biedenkopf,Germany,2023-06-08
354,Grete Peukert-Weiß,Aurich,Germany,2023-07-14
355,Silvester Schlosser-Stiebitz,Bad Brückenau,Germany,2023-10-31
356,Antonios Heinz-Wulff,Karlsruhe,Germany,2023-08-11
357,Viviane Rosenow-Beckmann,Sömmerda,Germany,2023-03-01
358,Virginia Koch II B.Eng.,Zossen,Germany,2024-08-16
359,Kemal Etzler,Lichtenfels,Germany,2025-01-23
360,Margareta Holsten,Celle,Germany,2024-07-09
361,Patrik Gotthard,Paderborn,Germany,2023-03-04
362,Traude Rörricht-Drubin,Griesbach Rottal,Germany,2025-02-04
363,Dietlind Schmidtke B.Eng.,Finsterwalde,Germany,2023-11-18
364,Cengiz Briemer,Einbeck,Germany,2023-02-28
365,Annika Stoll B.Eng.,Wanzleben,Germany,2023-02-21
366,Karl Heinz Riehl,Hannover,Germany,2024-08-21
367,Univ.Prof. Norbert Thies,Karlsruhe,Germany,2024-05-03
368,Herr Eckhardt Zorbach B.A.,Niesky,Germany,2024-05-29
369,Hans-Adolf Röhrdanz,Mühlhausen,Germany,2024-06-27
370,Leonard Christoph-Bolzmann,Lichtenfels,Germany,2023-06-11
371,Prof. Henny Wilmsen MBA.,Cuxhaven,Germany,2023-02-28
372,Mara Briemer,Mühldorf am Inn,Germany,2024-06-04
373,Birgit Zahn,Darmstadt,Germany,2023-03-24
374,Prof. Theresia Blümel,Paderborn,Germany,2023-07-10
375,Gerfried Gehringer-Fritsch,Wanzleben,Germany,2023-03-12
376,Ing. Willfried Pohl B.Eng.,Gransee,Germany,2024-09-01
377,Manuel Rohleder B.Eng.,Schwäbisch Hall,Germany,2023-03-11
378,Lotti Reinhardt,Nürtingen,Germany,2024-11-22
379,Prof. Werner Salz,Eilenburg,Germany,2023-08-29
380,Sibille Rose,Augsburg,Germany,2024-02-18
381,Anatoli Segebahn,Stadtsteinach,Germany,2023-05-03
382,Ramon Rudolph MBA.,Nordhausen,Germany,2024-08-06
383,Mara Jacobi Jäckel,Goslar,Germany,2023-09-10
384,Fadime Metz-Briemer,Ebermannstadt,Germany,2024-08-15
385,Herma Nette MBA.,Hünfeld,Germany,2024-08-31
386,Gert Trupp-Juncken,Lippstadt,Germany,2023-02-10
387,Raimund Koch II-Pieper,Herzberg,Germany,2024-09-26
388,Dipl.-Ing. Burkard Hethur MBA.,Diepholz,Germany,2023-03-25
389,Andrei Hoffmann,Schwandorf,Germany,2024-03-05
390,Dr. Wera Freudenberger,Roding,Germany,2024-11-04
391,Cordula Wiek,Northeim,Germany,2024-08-20
392,Jessica Jäntsch MBA.,Bremen,Germany,2024-08-01
393,Jolanda Mielcarek-Hendriks,Roth,Germany,2024-06-19
394,Angelique Binner,Norden,Germany,2023-11-20
395,Ing. Kathrin Anders B.Sc.,Delitzsch,Germany,2023-09-25
396,Mona Kobelt,Kehl,Germany,2023-07-29
397,Hans-Wilhelm Birnbaum,Karlsruhe,Germany,2024-11-16
398,Annelene Krause,Zschopau,Germany,2025-01-03
399,Sabina Scholz,Dachau,Germany,2023-11-18
400,Hans-Rainer Köster,Ravensburg,Germany,2023-09-02
401,Notburga Fechner,Scheinfeld,Germany,2023-09-29
402,Jo Benthin-Bien,Dessau,Germany,2024-02-10
403,Romy Mühle,Dresden,Germany,2023-05-15
404,Gottlob Schmidtke-Juncken,Leipziger Land,Germany,2024-11-18
405,Liliana Kallert,Waldmünchen,Germany,2024-10-22
406,Ivana Bachmann,Hohenstein-Ernstthal,Germany,2023-11-04
407,Hartmuth Säuberlich,Wertingen,Germany,2024-04-13
408,Kornelius Mühle,Starnberg,Germany,2023-11-20
409,Univ.Prof. Andrej Säuberlich MBA.,Pasewalk,Germany,2025-02-08
410,Caren Stiffel-Henk,Rochlitz,Germany,2023-03-16
411,Dragan Bähr,Helmstedt,Germany,2023-01-10
412,Dr. Henriette Stumpf,Lörrach,Germany,2024-04-14
413,Univ.Prof. Mona Bolander B.A.,Regen,Germany,2024-09-28
414,Maria-Theresia Müller,Helmstedt,Germany,2024-07-30
415,Dipl.-Ing. Urban Reichmann,Pritzwalk,Germany,2023-04-13
416,Marija Wirth,Schongau,Germany,2023-03-17
417,Dr. Waltrud Hentschel B.Eng.,Garmisch-Partenkirchen,Germany,2024-07-04
418,Patricia Hövel,Tübingen,Germany,2023-08-07
419,Ing. Jadwiga Keudel B.Eng.,Cottbus,Germany,2024-06-02
420,Tabea Kroker-Kaul,Hainichen,Germany,2023-09-29
421,Friedrich Trüb,Ingolstadt,Germany,2023-05-16
422,Margita Hertrampf MBA.,Flöha,Germany,2023-12-24
423,Valentine Rörricht,Dessau,Germany,2023-03-12
424,Leopold Weihmann,Gifhorn,Germany,2023-09-08
425,Mesut Radisch,Soest,Germany,2024-01-14
426,Herr Berend Lehmann B.Eng.,Burgdorf,Germany,2023-10-19
427,Achim Rogner-Franke,Staffelstein,Germany,2023-06-11
428,Dipl.-Ing. Margarete Gute B.Eng.,Gütersloh,Germany,2024-03-24
429,Udo Wilmsen,Stadtsteinach,Germany,2024-07-10
430,Prof. Paul-Heinz Ullrich B.Sc.,Lübz,Germany,2024-12-21
431,Herr Sergio Kruschwitz,Erding,Germany,2023-11-06
432,Susan Bender,Hammelburg,Germany,2024-09-18
433,Vitali Käster,Mettmann,Germany,2024-10-31
434,Dr. Sigrun Pärtzelt MBA.,Euskirchen,Germany,2024-06-25
435,Guenter Fröhlich,Stade,Germany,2023-01-09
436,Mina Gotthard,Wittmund,Germany,2024-11-14
437,Regina Hübel,Eisenach,Germany,2024-07-21
438,Sabine Loos-Pieper,Brand,Germany,2023-11-03
439,Marie-Luise Dehmel-Gorlitz,Neu-Ulm,Germany,2024-11-10
440,Valerie Hering,Griesbach Rottal,Germany,2023-04-17
441,Edeltraut Matthäi-Weller,Hohenmölsen,Germany,2023-05-18
442,Liane Ullrich,Griesbach Rottal,Germany,2023-09-28
443,Martha Heinz,Strasburg,Germany,2023-04-29
444,Holger Jäntsch,Luckenwalde,Germany,2023-04-20
445,Marliese Drubin,Kelheim,Germany,2025-01-30
446,Dr. Woldemar Eimer MBA.,Mettmann,Germany,2024-07-20
447,Herma Tintzmann,Wurzen,Germany,2023-06-09
448,Ralf Hentschel B.Sc.,Pegnitz,Germany,2023-10-06
449,Anneliese Rose,Beilngries,Germany,2023-10-16
450,Kazim Reising B.A.,Hofgeismar,Germany,2024-09-11
451,Berit Stiffel B.A.,Bremen,Germany,2023-08-04
452,Rosalinde Blümel MBA.,Oschatz,Germany,2025-01-04
453,Dipl.-Ing. Kunigunde Bohlander,Suhl,Germany,2023-12-18
454,Mirja Barkholz,Greiz,Germany,2023-07-28
455,Petar Harloff,Bad Mergentheim,Germany,2024-12-04
456,Ing. Mechthilde Bolnbach,Berlin,Germany,2024-10-11
457,Frau Eva-Maria Lange B.A.,Sondershausen,Germany,2023-09-28
458,Ing. Sylke Kranz,Koblenz,Germany,2024-06-01
459,Annemarie Stoll-Speer,Staffelstein,Germany,2024-05-15
460,Bernhardine Gieß,Pegnitz,Germany,2023-09-15
461,Otto Hauffer-Adler,Hammelburg,Germany,2023-02-22
462,Mariele Tschentscher MBA.,Geldern,Germany,2023-04-05
463,Dipl.-Ing. Hajo Förster B.Eng.,Wertingen,Germany,2024-10-11
464,Alexei Speer,Schwabmünchen,Germany,2024-03-09
465,Ernst-Otto Haering,Burgdorf,Germany,2023-10-11
466,Hellmuth Scheuermann,Goslar,Germany,2023-02-15
467,Hans-Willi Mangold,Plauen,Germany,2023-01-04
468,Pietro Wulf B.Sc.,Nürtingen,Germany,2023-12-08
469,Edelgard Wagenknecht,Roding,Germany,2025-02-28
470,Edeltrud Jacobi Jäckel,Stendal,Germany,2023-05-14
471,Dipl.-Ing. Gerald Höfig B.Sc.,Schwäbisch Hall,Germany,2024-10-14
472,Prof. Jelena Biggen,Sonneberg,Germany,2023-09-26
473,Raissa Pruschke-Juncken,Ludwigslust,Germany,2023-06-15
474,Gerald Kohl-Gorlitz,Gießen,Germany,2025-01-29
475,Ing. Stavros Trommler B.A.,Bayreuth,Germany,2024-03-28
476,Dipl.-Ing. Krista Radisch,Kyritz,Germany,2024-07-18
477,Ing. Edgar Kabus B.Sc.,Kemnath,Germany,2024-12-23
478,Juan Ullrich,Badoberan,Germany,2024-03-13
479,Gülsen Steinberg,Bersenbrück,Germany,2024-07-28
480,Roman Wesack B.A.,Freising,Germany,2023-01-10
481,Felizitas Austermühle,Erkelenz,Germany,2023-04-25
482,Peter Wende,Gifhorn,Germany,2023-03-19
483,Hans-Ulrich Henck B.Eng.,Konstanz,Germany,2024-12-08
484,Katherina Seip B.Eng.,Griesbach Rottal,Germany,2023-06-02
485,Juliana Oestrovsky,Burg,Germany,2024-07-12
486,Ing. Traudel Haase B.Eng.,Lübben,Germany,2023-02-06
487,Karl-Otto Hartung,Apolda,Germany,2024-01-14
488,Kornelia Sauer,Hamburg,Germany,2024-08-19
489,Eberhardt Jüttner-Hein,Ribnitz-Damgarten,Germany,2024-07-19
490,Dipl.-Ing. Karl Heinz Sölzer B.Eng.,Zossen,Germany,2023-06-01
491,Univ.Prof. Mara Warmer MBA.,Eichstätt,Germany,2024-03-16
492,Christa-Maria Etzold,Erbisdorf,Germany,2023-05-11
493,Jonas Beer,Strausberg,Germany,2023-02-12
494,Ralf-Peter Albers,Dessau,Germany,2023-11-12
495,Herr Nikolaus Flantz B.Sc.,Oberviechtach,Germany,2024-01-09
496,Gunhild Bonbach MBA.,Apolda,Germany,2025-03-26
497,Jost Rohleder,Anklam,Germany,2023-02-10
498,Joseph Ullmann,Pinneberg,Germany,2024-01-02
499,Albina Paffrath,Eisenhüttenstadt,Germany,2023-08-04
500,Valerij Dietz,Gießen,Germany,2024-11-29
501,Lorenzo Putz B.Eng.,Groß-Gerau,Germany,2023-09-13
502,Annelise Köster-Lachmann,Rehau,Germany,2024-11-13
503,Univ.Prof. Enrico Jacob B.Sc.,Bremervörde,Germany,2023-04-16
504,Halina Kostolzin-Rohleder,Bautzen,Germany,2023-12-29
505,Nikola Geißler,Northeim,Germany,2025-03-09
506,Univ.Prof. Raisa Kabus,Pegnitz,Germany,2024-07-27
507,Erdogan Hahn,Gräfenhainichen,Germany,2024-02-21
508,Vincent Bruder,Prenzlau,Germany,2024-09-27
509,Dietrich Jopich,Freising,Germany,2025-02-06
510,Phillip Trub-Kruschwitz,Hannover,Germany,2023-06-08
511,Prof. Ernst-Otto Rosenow,Säckingen,Germany,2023-08-31
512,Hanne Wende,Tuttlingen,Germany,2023-06-16
513,James Weinhage,Bamberg,Germany,2025-03-30
514,Heinz-Jürgen Heinrich,Hünfeld,Germany,2023-07-01
515,Xenia Wohlgemut-Junken,Siegen,Germany,2024-02-27
516,Rahel Mende,Geithain,Germany,2023-01-26
517,Kornelia Kohl,Erding,Germany,2023-07-03
518,Anni Wirth-Schönland,Gotha,Germany,2025-01-24
519,Athanasios Heuser,Konstanz,Germany,2023-12-07
520,Paulo Krebs-Junck,Büsingen am Hochrhein,Germany,2025-03-12
521,Achim Jäntsch,Kamenz,Germany,2024-02-26
522,Auguste Eigenwillig,Erding,Germany,2024-11-16
523,Dipl.-Ing. Krista Röhricht,Burglengenfeld,Germany,2025-01-22
524,Balthasar Klapp,Sankt Goar,Germany,2023-09-12
525,Solveig Krause,Halberstadt,Germany,2023-10-01
526,Dipl.-Ing. Pia Caspar,Riesa,Germany,2023-06-13
527,Univ.Prof. Hans-Hermann Geisler,Großenhain,Germany,2025-03-17
528,Elwira Nohlmans,Belzig,Germany,2024-12-19
529,Dipl.-Ing. Frederic Linke,Neuruppin,Germany,2023-04-21
530,Hans-Adolf Hermann,Werdau,Germany,2024-01-27
531,Prof. Lucia Gunpf MBA.,Demmin,Germany,2023-02-09
532,Adolfine Kroker,Schweinfurt,Germany,2024-04-26
533,Romy Jüttner-Mans,Malchin,Germany,2023-08-16
534,Gerald Jungfer-Schleich,Neubrandenburg,Germany,2023-07-24
535,Cilli Kruschwitz,Halberstadt,Germany,2024-04-16
536,Prof. Rabea Henk B.Eng.,Göttingen,Germany,2023-12-25
537,Gretel Drewes-Rose,Saarlouis,Germany,2023-11-09
538,Univ.Prof. Randolf Rogner,Wesel,Germany,2025-03-25
539,Veronique Trommler B.A.,Halberstadt,Germany,2023-08-22
540,Sabri Lange,Dieburg,Germany,2023-08-17
541,Eileen Herrmann,Weimar,Germany,2023-01-25
542,Dipl.-Ing. Annelene Meister,Roth,Germany,2024-11-06
543,Kathi Patberg-Süßebier,Prenzlau,Germany,2023-07-17
544,Rigo Klingelhöfer,Bützow,Germany,2024-02-13
545,Univ.Prof. Mehmet Klapp B.A.,Regensburg,Germany,2023-12-03
546,Wilma Weller-Kabus,Büsingen am Hochrhein,Germany,2023-10-13
547,Benjamin Heser,Oranienburg,Germany,2023-03-13
548,Dipl.-Ing. Hans-Günther Krein MBA.,Ilmenau,Germany,2025-03-02
549,Ilja Döhn,Lübeck,Germany,2023-10-13
550,Bogdan Vollbrecht,Iserlohn,Germany,2023-12-26
551,Gertrud Meyer,Parchim,Germany,2024-10-18
552,Ing. Ivanka Dietz MBA.,Herzberg,Germany,2024-06-05
553,Gerald Beyer,Aschaffenburg,Germany,2024-02-14
554,Marga Dörr,Witzenhausen,Germany,2024-11-26
555,Prof. Dieter Rohleder B.A.,Recklinghausen,Germany,2024-07-03
556,Dipl.-Ing. Dörthe Lachmann,Erding,Germany,2023-12-06
557,Dipl.-Ing. Alma Walter,Meppen,Germany,2023-01-29
558,Dipl.-Ing. Adeline Tlustek,Forst,Germany,2023-04-29
559,Nina Tlustek,Roding,Germany,2023-09-25
560,Roger Reising,Kehl,Germany,2023-07-02
561,Cynthia Mielcarek,Grimma,Germany,2024-08-17
562,Prof. Wilhelmine Schwital B.Eng.,Schongau,Germany,2023-09-29
563,Liesbeth Drewes-Keudel,Miltenberg,Germany,2023-02-09
564,Univ.Prof. Nikolaos Huhn,Suhl,Germany,2023-04-22
565,Gert Drubin-Henck,Chemnitz,Germany,2024-09-02
566,Ing. Necati Faust,Lüdenscheid,Germany,2024-03-20
567,Kenan Kraus-Löchel,Neustadt am Rübenberge,Germany,2023-12-20
568,Prof. David Niemeier,Dieburg,Germany,2025-01-16
569,Ing. Siegmund Mende,Kaiserslautern,Germany,2025-03-16
570,Imre Ernst,Kulmbach,Germany,2023-11-18
571,Dipl.-Ing. Marjan Noack MBA.,Neustadtner Waldnaab,Germany,2024-03-22
572,Herr Karl-Werner Becker,Halberstadt,Germany,2024-09-12
573,Freddy Hecker,Eichstätt,Germany,2024-06-07
574,Käthe Weimer MBA.,Rochlitz,Germany,2023-04-29
575,Frank-Peter Wohlgemut,Potsdam,Germany,2024-01-30
576,Raimund Tschentscher,Pritzwalk,Germany,2024-08-13
577,Heini Dobes B.A.,Backnang,Germany,2023-07-14
578,Elma Keudel B.Sc.,Cloppenburg,Germany,2023-09-18
579,Dr. Ruben Walter B.Eng.,Eckernförde,Germany,2023-02-15
580,Rene Haering-Haering,Ribnitz-Damgarten,Germany,2024-12-26
581,Katharine Holt,Hildburghausen,Germany,2024-03-22
582,Evangelia Ruppersberger,Osterburg,Germany,2023-01-02
583,Cengiz Weitzel,Beeskow,Germany,2024-06-16
584,Sonja Sölzer,Viersen,Germany,2024-07-05
585,Faruk Fiebig-Trub,Gotha,Germany,2024-12-04
586,Jaqueline Faust-Rust,Sebnitz,Germany,2025-01-06
587,Dipl.-Ing. Inken Bruder,Luckau,Germany,2025-01-29
588,Martine Koch,Neustadt am Rübenberge,Germany,2025-01-24
589,Lia Adler,Wiedenbrück,Germany,2024-11-17
590,Magrit Stadelmann B.Eng.,Pfaffenhofen an der Ilm,Germany,2023-07-21
591,Donata Lorch-Hahn,Großenhain,Germany,2024-01-08
592,Samira Hölzenbecher,Pößneck,Germany,2024-03-17
593,Karl-Wilhelm Neureuther-Zirme,Teterow,Germany,2023-03-13
594,Anatolij Dippel,Apolda,Germany,2024-11-11
595,Vito Franke,Miesbach,Germany,2023-12-05
596,Wolf Lorch,Tuttlingen,Germany,2024-09-30
597,Thilo Seip-Jacobi Jäckel,Gunzenhausen,Germany,2023-11-18
598,Matteo Klingelhöfer,Borken,Germany,2024-11-10
599,Marianna Seip,Badoberan,Germany,2023-05-08
600,Luzia Jäkel-van der Dussen,Mainburg,Germany,2025-01-07
601,Nikolai Dehmel,Fulda,Germany,2023-11-04
602,Frau Birthe Scheel B.A.,Amberg,Germany,2024-06-03
603,Nico Karz,Lüneburg,Germany,2023-11-13
604,Ignaz Boucsein-Hein,Brandenburg,Germany,2024-11-13
605,Bernd-Dieter Johann,Hannover,Germany,2024-02-23
606,Hans-J. Wohlgemut-Weller,Sondershausen,Germany,2023-12-01
607,Apostolos Radisch-Rose,Schongau,Germany,2024-02-17
608,Dipl.-Ing. Hanno Ullmann,Sebnitz,Germany,2024-12-14
609,Vassilios Langern-Schmiedt,Fürstenwalde,Germany,2023-10-30
610,Tobias Ditschlerin,Worbis,Germany,2024-07-21
611,Klaus-Werner Vollbrecht,Jena,Germany,2023-05-11
612,Ing. Regine Etzold,Göppingen,Germany,2023-07-16
613,Falko Röhrdanz,Tübingen,Germany,2024-03-06
614,Sigurd Sorgatz,Forst,Germany,2024-11-11
615,Peter-Michael Krein B.Eng.,Gerolzhofen,Germany,2024-01-24
616,Dipl.-Ing. Beatrice Hendriks MBA.,Pegnitz,Germany,2024-11-24
617,Hans-Adolf Junck,Kyritz,Germany,2025-02-05
618,Ing. Klara Stoll,Zossen,Germany,2023-06-28
619,Frau Albina Schaaf B.Sc.,Grimma,Germany,2024-09-22
620,Alois Bonbach MBA.,Sebnitz,Germany,2024-08-05
621,Dipl.-Ing. Mechtild Kühnert,Soltau,Germany,2023-11-05
622,Fredi Carsten-Jessel,Oranienburg,Germany,2024-02-20
623,Zlatko Förster B.Eng.,Rottweil,Germany,2024-07-15
624,Gero Thanel,Wetzlar,Germany,2023-01-01
625,Herr Evangelos Christoph MBA.,Mettmann,Germany,2023-11-08
626,Gernot Stahr,Coburg,Germany,2023-10-21
627,Nikolaus Etzler,Eberswalde,Germany,2023-08-04
628,Ing. Karola Plath B.Eng.,Kitzingen,Germany,2024-03-16
629,Philip Zahn-Heuser,Aurich,Germany,2025-03-15
630,Rosalia Lorch,Pasewalk,Germany,2024-08-16
631,Francisco Trub,Nordhausen,Germany,2024-09-13
632,Judith Klingelhöfer B.Sc.,Reutlingen,Germany,2024-11-01
633,Ing. Damian Hermighausen,Rochlitz,Germany,2023-11-26
634,Ercan Weihmann,Bad Liebenwerda,Germany,2024-04-21
635,Evangelos Bien,Kassel,Germany,2024-03-28
636,Tülay Fischer-Gieß,Rastatt,Germany,2024-03-28
637,Dr. Friedl Hering,Weißwasser,Germany,2024-11-22
638,Emilie Buchholz,Coburg,Germany,2023-08-07
639,Dietrich Hauffer,Lobenstein,Germany,2024-06-07
640,Theo Mohaupt,Heinsberg,Germany,2024-04-29
641,Annie Röhrdanz,Amberg,Germany,2025-03-23
642,Dajana Hornich,Wittstock,Germany,2025-03-26
643,Dipl.-Ing. Hans-Erich Schäfer MBA.,Wismar,Germany,2025-01-23
644,Dr. Ada Lange B.Sc.,Potsdam,Germany,2023-06-23
645,Maike Täsche,Hoyerswerda,Germany,2024-11-05
646,Raik Sontag,Wittmund,Germany,2023-03-28
647,Aynur Haering,Lüdenscheid,Germany,2023-10-18
648,Frau Yvette Faust B.Eng.,Bad Liebenwerda,Germany,2024-06-11
649,Prof. Harri Thies B.Eng.,Wolfratshausen,Germany,2024-11-10
650,Klaus Dieter Dehmel,Soest,Germany,2024-10-10
651,Anneli Scheel-Rosenow,Marienberg,Germany,2024-09-26
652,Ernest Hornich-Heß,Leipziger Land,Germany,2023-12-10
653,Frieda Mentzel,Genthin,Germany,2023-04-06
654,Wieslaw Gutknecht,Rothenburg ob der Tauber,Germany,2025-02-08
655,Czeslaw Döring,Meppen,Germany,2023-08-29
656,Frederike Ladeck B.Sc.,Freising,Germany,2024-11-19
657,Franca Mitschke B.Eng.,Bremen,Germany,2023-11-14
658,Univ.Prof. Gerfried Tlustek,Fürstenfeldbruck,Germany,2023-08-19
659,Caren Conradi,Jüterbog,Germany,2023-07-23
660,Juliana Binner-Stey,Griesbach Rottal,Germany,2023-05-31
661,Herr Willibert Lachmann,Rathenow,Germany,2023-01-26
662,Herr Herwig Dobes B.A.,Anklam,Germany,2023-02-17
663,Selim Zahn,Darmstadt,Germany,2023-09-08
664,Samir Kühnert B.Eng.,Roth,Germany,2024-05-01
665,Trude Bruder,Berchtesgaden,Germany,2024-09-17
666,Tony Seidel MBA.,Bremervörde,Germany,2025-02-25
667,Betti Berger,Badibling,Germany,2023-03-16
668,Prof. Heinz-Günter Ullrich,Nordhausen,Germany,2024-04-11
669,Hans-J. Stoll,Einbeck,Germany,2024-02-29
670,Dietlind Gotthard,Göttingen,Germany,2024-10-06
671,Suzanne Fischer B.Sc.,Stade,Germany,2024-08-12
672,Jessica Langern,Beilngries,Germany,2023-07-19
673,Fredy Kraus,Lüdenscheid,Germany,2025-01-05
674,Mario Putz B.A.,Kronach,Germany,2024-12-14
675,Jadwiga Ring,Ilmenau,Germany,2024-01-29
676,Harriet Hiller,Auerbach,Germany,2024-05-21
677,Lilly Hartmann,Göttingen,Germany,2024-02-14
678,Rouven Mude,Rothenburg ob der Tauber,Germany,2023-09-07
679,Dr. Berend Hentschel B.A.,Pfaffenhofen an der Ilm,Germany,2023-06-01
680,Ralf-Peter Hartmann,Jülich,Germany,2024-11-02
681,Dr. Ernest Scheel,Wittmund,Germany,2024-12-05
682,Traude Schäfer,Vilsbiburg,Germany,2023-01-06
683,Violetta Rosenow,Regensburg,Germany,2025-02-07
684,Sergio Nohlmans B.Eng.,Neustrelitz,Germany,2025-02-27
685,Baptist Blümel,Scheinfeld,Germany,2023-04-20
686,Herr Jorge Müller B.Sc.,Schwabmünchen,Germany,2025-03-08
687,Ron Ehlert B.Eng.,Hildburghausen,Germany,2024-03-11
688,Aldo Finke,Calau,Germany,2023-08-13
689,Wendelin Briemer,Vilsbiburg,Germany,2023-06-30
690,Liesa Ditschlerin-Kallert,Hildburghausen,Germany,2024-12-13
691,Zoran Franke-Wagenknecht,Soltau,Germany,2024-06-14
692,Univ.Prof. Frida Gertz B.Eng.,Stollberg,Germany,2024-04-20
693,Dipl.-Ing. Gerhart Wagner,Dachau,Germany,2023-02-21
694,Univ.Prof. Abdul Tintzmann,Reutlingen,Germany,2024-07-24
695,Dino Schleich,Schrobenhausen,Germany,2023-09-13
696,Univ.Prof. Karl-Wilhelm Döhn MBA.,Hohenstein-Ernstthal,Germany,2023-05-05
697,Ernst Kensy,Eggenfelden,Germany,2024-04-12
698,Salvatore Trommler,Mellrichstadt,Germany,2023-05-17
699,Franjo Häring,Ueckermünde,Germany,2025-03-31
700,Hanni Hertrampf,Weißwasser,Germany,2024-04-20
701,Andreas Krause,Wismar,Germany,2024-11-14
702,Dr. Svea Lehmann,Koblenz,Germany,2024-06-27
703,Klara Kohl,Neubrandenburg,Germany,2024-07-26
704,Dr. Henner Briemer B.Sc.,Artern,Germany,2024-09-01
705,Ellinor Döhn,Illertissen,Germany,2023-11-21
706,Dipl.-Ing. Daniele Wagenknecht,Pößneck,Germany,2025-02-12
707,Gunther Scheibe,Vilsbiburg,Germany,2024-03-29
708,Heinz-Georg Söding,Schlüchtern,Germany,2024-09-19
709,Dr. Anka Ditschlerin,Forst,Germany,2025-01-06
710,Hardy Textor B.Eng.,Hammelburg,Germany,2024-05-31
711,Herr Andree Kreusel MBA.,Bamberg,Germany,2024-03-12
712,Adelinde Loos,Haldensleben,Germany,2024-07-15
713,Dr. Ariane Bauer B.A.,Soest,Germany,2024-04-01
714,Zeynep Butte,Chemnitz,Germany,2023-06-12
715,Raisa Kruschwitz,Neustadtner Waldnaab,Germany,2025-01-31
716,Antoinette Segebahn,Erbisdorf,Germany,2024-05-01
717,Svenja Kranz,Erding,Germany,2024-04-05
718,Angela Hesse MBA.,Grimma,Germany,2023-09-23
719,Ing. Karl-Peter Bolander B.A.,Borna,Germany,2025-02-08
720,Rosalie Riehl,Wurzen,Germany,2023-09-11
721,Prof. Ante Kraushaar MBA.,Rochlitz,Germany,2024-10-14
722,Dipl.-Ing. Georgios Budig MBA.,Nürtingen,Germany,2023-10-11
723,Burckhard Wernecke-Meister,Eggenfelden,Germany,2025-02-23
724,Ronny Gröttner B.A.,Lüneburg,Germany,2025-03-07
725,Mirko Lübs,Sebnitz,Germany,2024-06-17
726,Sergei Scheibe-Heser,Wesel,Germany,2024-05-11
727,Aziz Kraushaar,Querfurt,Germany,2024-10-03
728,Simona Hofmann,Anklam,Germany,2023-09-02
729,Frau Herlinde Fischer,Reutlingen,Germany,2023-10-09
730,Vincenzo Döring,Gütersloh,Germany,2024-03-26
731,Susana Langern,Kulmbach,Germany,2023-03-21
732,Prof. Ljubica Mühle B.Sc.,Göppingen,Germany,2024-12-31
733,Bruni Schönland-Schlosser,Bad Kissingen,Germany,2023-10-20
734,Sybilla Kabus-Stumpf,Badibling,Germany,2023-08-29
735,Ing. Tamara Köhler B.Sc.,Hansestadttralsund,Germany,2023-10-06
736,Ester Noack,Geithain,Germany,2023-12-10
737,Gerald Weimer-Margraf,Großenhain,Germany,2023-11-24
738,Prof. Mareile Cichorius,Meißen,Germany,2024-07-07
739,Urs Ladeck MBA.,Bautzen,Germany,2023-03-24
740,Herr Gerold Tröst,Demmin,Germany,2023-05-22
741,Dierk Gröttner,Bayreuth,Germany,2023-06-04
742,Herr Herbert Binner B.Eng.,Gunzenhausen,Germany,2023-08-25
743,Ruth Mitschke,Sigmaringen,Germany,2024-01-28
744,Miodrag Becker,Kitzingen,Germany,2024-12-11
745,Prof. Ingelore Gierschner MBA.,Ilmenau,Germany,2023-06-06
746,Ing. Petros Stroh,Güstrow,Germany,2024-12-24
747,Hans-Jörg Binner,Riesa,Germany,2023-08-08
748,Stanislaw Hartung B.A.,Großenhain,Germany,2023-03-07
749,Prof. Alexa Zahn,Naila,Germany,2024-02-29
750,Marko Gerlach-Schinke,Gardelegen,Germany,2024-02-22
751,Ljiljana Jäkel,Lüneburg,Germany,2023-12-05
752,Silja Keudel-Mies,Fürstenwalde,Germany,2024-07-09
753,Felicitas Stey MBA.,Altötting,Germany,2024-04-22
754,Kristine Seifert,Hammelburg,Germany,2024-03-01
755,Ilija Bolnbach,Göppingen,Germany,2023-03-05
756,Sofia Hofmann,Starnberg,Germany,2023-07-31
757,Constanze Fischer,Bayreuth,Germany,2024-03-06
758,Maria Juncken-Stiffel,Werdau,Germany,2024-02-03
759,Matthias Oestrovsky,Grevesmühlen,Germany,2025-02-27
760,Dipl.-Ing. Harriet Walter,Roth,Germany,2024-08-21
761,Günther van der Dussen B.A.,Stuttgart,Germany,2024-12-13
762,Jolanthe Jacob,Staßfurt,Germany,2023-01-21
763,Ing. Benedikt Mude,Witzenhausen,Germany,2025-02-22
764,Mirjana Römer,Tecklenburg,Germany,2024-08-12
765,Margit Cichorius,Jülich,Germany,2024-01-25
766,Univ.Prof. Sören Jäntsch MBA.,Kitzingen,Germany,2024-05-03
767,Lidwina Hornig,Cloppenburg,Germany,2023-01-07
768,Frau Sonja Schulz B.Sc.,Eutin,Germany,2023-12-27
769,Swen Stiffel,Peine,Germany,2023-11-02
770,Henrike Bloch,Dessau,Germany,2025-02-10
771,Günter Lange MBA.,Herford,Germany,2024-02-04
772,Herr Ingo Kade,Helmstedt,Germany,2024-03-05
773,Abram Mentzel,Freital,Germany,2024-07-05
774,Prof. Ralf-Peter Freudenberger,Zossen,Germany,2025-02-04
775,Carlos Schmiedecke,Siegen,Germany,2025-01-22
776,Dipl.-Ing. Hubertine Müller,Altentreptow,Germany,2024-07-13
777,Jovan Gute,Ansbach,Germany,2025-03-30
778,Nuray Radisch,Arnstadt,Germany,2024-09-09
779,Luis Wagner,Garmisch-Partenkirchen,Germany,2023-08-14
780,Franziska Ehlert,Kulmbach,Germany,2024-05-14
781,Charlotte Bolzmann,Hammelburg,Germany,2023-08-13
782,Irena Vogt,Marienberg,Germany,2023-10-07
783,Günter Niemeier-Klemt,Eckernförde,Germany,2024-03-22
784,Alena Heidrich-Hauffer,Freudenstadt,Germany,2024-05-12
785,Klaus-Werner Pärtzelt,Crailsheim,Germany,2023-01-30
786,Mia Siering,Klötze,Germany,2024-02-03
787,Patricia Reinhardt,Sangerhausen,Germany,2023-12-11
788,Maxim Dörr,Badalzungen,Germany,2024-11-15
789,Hartmuth Martin,Crailsheim,Germany,2024-11-26
790,Isolde Tintzmann,Forst,Germany,2025-03-28
791,Gerard Linke,Sternberg,Germany,2024-02-19
792,Luise auch Schlauchin,Lüdenscheid,Germany,2025-01-11
793,Jens-Peter Tschentscher,Günzburg,Germany,2023-06-19
794,Rene Döring,Feuchtwangen,Germany,2024-04-23
795,Reiner Hesse B.A.,Vilsbiburg,Germany,2023-05-11
796,Ing. Catherine Benthin,Freising,Germany,2024-09-29
797,Ing. Edeltraud Adler B.Sc.,Calau,Germany,2024-06-30
798,Dr. Viviane Conradi B.Sc.,Grevenbroich,Germany,2023-01-28
799,Dipl.-Ing. Geert Hettner MBA.,Burgdorf,Germany,2024-02-08
800,Herr Slavko Hoffmann,Säckingen,Germany,2024-08-29
801,Hilma Warmer,Brilon,Germany,2024-07-31
802,Adelbert Etzler,Hohenmölsen,Germany,2024-11-09
803,Sylvie Mangold,Wismar,Germany,2023-01-28
804,Hans-Gerhard Karz,Celle,Germany,2023-03-27
805,Heidi Meyer-Heydrich,Tübingen,Germany,2024-10-20
806,Dipl.-Ing. Margaret Geisel B.Sc.,Uffenheim,Germany,2024-03-14
807,Wieland Freudenberger,Lübz,Germany,2023-05-19
808,Prof. Marina Mangold B.A.,Kaiserslautern,Germany,2024-04-17
809,Stephen Stolze,Neuruppin,Germany,2023-07-06
810,Frau Swantje Langern MBA.,Belzig,Germany,2023-02-21
811,Margit Johann,Vilsbiburg,Germany,2023-09-24
812,Univ.Prof. Süleyman Kambs B.Sc.,Stendal,Germany,2024-01-24
813,Dipl.-Ing. Hajo Spieß MBA.,Ravensburg,Germany,2023-12-02
814,Adolf Seifert,Oberviechtach,Germany,2023-08-05
815,Dipl.-Ing. Stefani Gehringer B.Sc.,Hettstedt,Germany,2024-04-10
816,Ing. Zdravko Holsten B.Sc.,Quedlinburg,Germany,2023-12-01
817,Helen Heinz-Budig,Melle,Germany,2023-12-12
818,Annita Ortmann MBA.,Cloppenburg,Germany,2025-02-18
819,Univ.Prof. Margarita Bähr B.Sc.,Lübben,Germany,2024-01-24
820,Karl-Heinrich Rogner,Bremen,Germany,2023-10-12
821,Sybille Pechel,Starnberg,Germany,2025-02-09
822,Walburga Karge B.Eng.,Gardelegen,Germany,2024-03-07
823,Georgine Römer MBA.,Weimar,Germany,2023-09-16
824,Beatrix Dietz B.A.,Hünfeld,Germany,2023-03-25
825,Sandra Schulz,Pößneck,Germany,2024-04-26
826,Mechtild Döring,Eckernförde,Germany,2023-01-20
827,Dr. Rotraud Trupp MBA.,Greiz,Germany,2025-02-06
828,Dominic Dussen van MBA.,Miltenberg,Germany,2024-07-06
829,Orhan Kambs B.Sc.,Bad Mergentheim,Germany,2023-02-23
830,Recep Mende,Steinfurt,Germany,2023-12-25
831,Wolfhard Ortmann-Adolph,Rastatt,Germany,2023-08-18
832,Prof. Janet Pechel,Ueckermünde,Germany,2024-10-27
833,Univ.Prof. Rupert Eckbauer,Kyritz,Germany,2023-03-12
834,Johanne Kraus,Schmölln,Germany,2025-03-10
835,Ing. Hans-Uwe Karz B.Eng.,Delitzsch,Germany,2024-10-29
836,Harri Schleich-Thies,Viersen,Germany,2023-02-11
837,Mia Walter,Finsterwalde,Germany,2025-02-11
838,Ludwig Trüb B.Eng.,Suhl,Germany,2023-02-01
839,Norman Seip-Gieß,Wanzleben,Germany,2023-09-11
840,Rainer Kitzmann,Roth,Germany,2023-07-24
841,Univ.Prof. Nelli Reinhardt,Lüneburg,Germany,2023-01-21
842,John Döring,Kronach,Germany,2024-09-28
843,Andrew Steckel-Blümel,Groß-Gerau,Germany,2023-06-06
844,Ing. Mirko Hermann,Beilngries,Germany,2023-09-02
845,Danica Weller,Kaiserslautern,Germany,2023-05-10
846,Auguste Schmiedt B.A.,Germersheim,Germany,2024-04-29
847,Martha Stadelmann,Kronach,Germany,2024-11-16
848,Hermine Zirme-Stolze,Querfurt,Germany,2023-04-28
849,Ahmad Weimer,Flöha,Germany,2024-07-31
850,Sandra Hecker B.Eng.,Wertingen,Germany,2023-08-12
851,Gaetano Meister B.A.,Erding,Germany,2024-04-21
852,Univ.Prof. Jiri Dussen van,Bad Kreuznach,Germany,2024-12-17
853,Ing. Kriemhild Hettner,Ebersberg,Germany,2023-09-20
854,Adina Kabus,Wanzleben,Germany,2025-02-24
855,Alois Fliegner-Junitz,Schwäbisch Hall,Germany,2024-01-13
856,Jasmin Zobel,Bersenbrück,Germany,2023-06-21
857,Karoline Hartmann,Parchim,Germany,2024-09-12
858,Reza Pärtzelt,Lübeck,Germany,2024-09-13
859,Antonia Keudel-Hartung,Sternberg,Germany,2025-02-04
860,Georgine Klingelhöfer,Fürstenwalde,Germany,2025-01-05
861,Prof. Ruth Weller B.Sc.,Strausberg,Germany,2023-04-28
862,Ingelore Hendriks,Bad Kreuznach,Germany,2025-03-07
863,Hanna Drewes,Grevenbroich,Germany,2023-06-17
864,Alida Plath,Osterburg,Germany,2023-11-15
865,Janina Beyer B.Eng.,Hettstedt,Germany,2023-04-21
866,Willfried Dietz,Pirmasens,Germany,2024-08-15
867,Luis Bolzmann,Stuttgart,Germany,2023-01-27
868,Steven Stolze MBA.,Forst,Germany,2023-11-16
869,Univ.Prof. Rosita Boucsein,Aue,Germany,2024-08-12
870,Milka Kabus B.Sc.,Bersenbrück,Germany,2024-11-24
871,Dietmar Hermann,Rockenhausen,Germany,2024-01-20
872,Ing. Hanspeter Kraushaar MBA.,Mallersdorf,Germany,2024-02-11
873,Albina Krebs,Pfaffenhofen an der Ilm,Germany,2025-01-02
874,Marian Tschentscher,Wurzen,Germany,2023-07-23
875,Niklas Briemer,Nürtingen,Germany,2023-03-19
876,Friedrich-Wilhelm Zimmer,Schlüchtern,Germany,2024-08-29
877,Friedbert Wieloch,Kronach,Germany,2024-12-08
878,Rotraud Speer-Becker,Ebermannstadt,Germany,2024-10-04
879,Dr. Peter Krein B.Eng.,Hammelburg,Germany,2023-09-06
880,Waltrud Atzler,Crailsheim,Germany,2023-04-15
881,Achim Ruppersberger,Pirmasens,Germany,2024-12-14
882,Gerhard Häring,Freudenstadt,Germany,2025-03-02
883,Univ.Prof. Sigrun Peukert,Ebersberg,Germany,2023-11-05
884,Dr. Leszek Herrmann,Celle,Germany,2024-12-01
885,Univ.Prof. Roger Rosenow,Wolmirstedt,Germany,2024-09-06
886,Mareike Rogner B.Sc.,Stuttgart,Germany,2023-05-04
887,Fatih Dippel,Wertingen,Germany,2025-03-26
888,Ing. Gitte Eckbauer B.A.,Güstrow,Germany,2024-08-02
889,Tomasz Gude,Neuss,Germany,2025-03-12
890,Galina Schmiedt B.Eng.,Rehau,Germany,2023-02-12
891,Rosalie Jopich,Eichstätt,Germany,2023-12-22
892,Gert Hentschel,Waren,Germany,2024-06-29
893,Ing. Sibel Klingelhöfer,Sömmerda,Germany,2024-03-14
894,Susana Naser,Mellrichstadt,Germany,2024-11-08
895,Pauline Jäkel,Querfurt,Germany,2024-01-15
896,Diethard Seidel,Göttingen,Germany,2023-03-12
897,Tilmann Renner-Gunpf,Wismar,Germany,2024-06-02
898,Ottmar Bruder,Ochsenfurt,Germany,2024-10-25
899,Rudolf Salz,Saarbrücken,Germany,2023-12-16
900,Traugott Beier B.Eng.,Staffelstein,Germany,2023-01-13
901,Hans-Dieter Krein-Hauffer,Delitzsch,Germany,2024-03-06
902,Joana Pergande B.Sc.,Kassel,Germany,2024-05-16
903,Maximilian Henck,Wurzen,Germany,2023-04-19
904,Hellmut Freudenberger-Gieß,Wittenberg,Germany,2024-03-19
905,Ing. Andrea Hartmann MBA.,Belzig,Germany,2024-01-06
906,Gunda Heintze,Strausberg,Germany,2024-10-12
907,Jochen Zorbach B.Eng.,München,Germany,2024-04-15
908,Suse Bien B.Sc.,Burglengenfeld,Germany,2024-12-25
909,Saskia Weihmann,Rosenheim,Germany,2023-06-06
910,Dipl.-Ing. Mato Kostolzin,Rottweil,Germany,2024-03-21
911,Jochem Hermann,Gardelegen,Germany,2023-06-30
912,Gisa Kaul-Neuschäfer,Schleiz,Germany,2025-01-21
913,Jan Etzold,Eckernförde,Germany,2024-06-18
914,Herr Jiri Seifert B.Eng.,Dresden,Germany,2024-10-28
915,Dr. Hans-Albert Schleich,Stendal,Germany,2023-10-04
916,Dipl.-Ing. Ruben Kabus B.Sc.,Sulzbach-Rosenberg,Germany,2024-09-22
917,Dipl.-Ing. Denise Schäfer B.A.,Aschaffenburg,Germany,2024-07-05
918,Herr Carl-Heinz Ruppersberger B.A.,Seelow,Germany,2025-03-04
919,Tilmann Ruppersberger,Bautzen,Germany,2024-05-10
920,Ing. Victor Girschner,Sankt Goarshausen,Germany,2024-04-21
921,Theobald Tschentscher,Borna,Germany,2024-03-22
922,Helmut auch Schlauchin MBA.,Eilenburg,Germany,2025-01-18
923,Dipl.-Ing. Kuno Fechner B.A.,Eggenfelden,Germany,2024-08-29
924,Ulla Metz,Geldern,Germany,2023-10-02
925,Hanne-Lore Eigenwillig-Dörr,Flöha,Germany,2023-11-27
926,Dr. Lissi Dietz,Nauen,Germany,2023-09-09
927,Theo Ziegert,Bremervörde,Germany,2023-03-30
928,Univ.Prof. Birgitta Schleich B.Sc.,Parsberg,Germany,2023-10-13
929,Ing. Stephanie Beyer,Geldern,Germany,2024-04-06
930,Dipl.-Ing. Gilda Schacht B.Sc.,Delitzsch,Germany,2023-09-07
931,Ivonne Wilms,Borken,Germany,2025-02-07
932,Lilo Ring,Grevenbroich,Germany,2024-04-20
933,Achim Tröst B.Sc.,Parchim,Germany,2024-08-06
934,Hans-H. Sölzer,Tuttlingen,Germany,2024-09-16
935,Helmtrud Klotz,Düren,Germany,2024-11-15
936,Univ.Prof. Lidwina Herrmann,Pinneberg,Germany,2024-01-24
937,Prof. Gretl Schmidtke,Tecklenburg,Germany,2023-12-11
938,Notburga Haase-Lehmann,Eisenhüttenstadt,Germany,2023-01-30
939,Kristin Röhricht,Greifswald,Germany,2024-05-21
940,Leonie Kaul,Wittenberg,Germany,2023-11-29
941,Stanislaus Sorgatz-Drubin,Mellrichstadt,Germany,2023-07-06
942,Herr Ekkehard Pechel,Höxter,Germany,2024-05-14
943,Daniele Krebs,Bremen,Germany,2023-08-06
944,Hubert Schinke-Lübs,Belzig,Germany,2023-12-30
945,Doris Koch II,Schmölln,Germany,2025-03-27
946,Othmar Kraus,Schwabmünchen,Germany,2023-09-22
947,Mia Schenk,Eisenach,Germany,2023-12-15
948,Dipl.-Ing. Änne Gutknecht B.Eng.,Bad Brückenau,Germany,2023-10-14
949,Prof. Denny Steuer B.Sc.,Gerolzhofen,Germany,2024-09-02
950,Zoran Franke,Göppingen,Germany,2024-12-19
951,Gisa Staude-Kroker,Rottweil,Germany,2023-10-10
952,Jochen Austermühle B.Sc.,Quedlinburg,Germany,2024-07-23
953,Miroslawa Römer,Ingolstadt,Germany,2023-01-11
954,Dorothe auch Schlauchin,Mettmann,Germany,2024-06-13
955,Lene Adolph-Heß,Ludwigsburg,Germany,2023-07-15
956,Karl-Hermann Briemer,Hünfeld,Germany,2023-03-29
957,Rolf-Peter Peukert,Pirmasens,Germany,2023-09-05
958,Martina Margraf,Regensburg,Germany,2025-01-07
959,Dr. Nuray Kambs MBA.,Rottweil,Germany,2024-02-21
960,Ilija Drub,Bergzabern,Germany,2024-05-15
961,Magdalene Zirme-Hartmann,Herford,Germany,2024-07-22
962,Ing. Justina Reising,Viechtach,Germany,2025-02-15
963,Elfi Hövel,Lippstadt,Germany,2023-09-04
964,Annelie Röhrdanz,Nauen,Germany,2024-12-08
965,Gisela Harloff,Emmendingen,Germany,2024-05-02
966,Jacob Walter B.A.,Wittenberg,Germany,2024-10-23
967,Ing. Edward Hein B.A.,Schwarzenberg,Germany,2024-12-29
968,Carolin Wulff,Coburg,Germany,2024-05-17
969,Mijo Spieß,Schwabmünchen,Germany,2024-04-03
970,Ralf-Peter Riehl,Neunburg vorm Wald,Germany,2025-03-22
971,Ludwina Jopich,Rockenhausen,Germany,2023-01-18
972,Jasmin Gnatz,Lichtenfels,Germany,2023-04-06
973,Prof. Carlo Bloch MBA.,Plauen,Germany,2023-10-29
974,Jan-Peter Kensy,Torgau,Germany,2023-08-15
975,Dipl.-Ing. Zoran Dussen van,Herford,Germany,2024-02-19
976,Adrian Steuer,Konstanz,Germany,2024-12-09
977,Gotthold Klotz,Erding,Germany,2023-09-07
978,Edeltrud Heuser,Schrobenhausen,Germany,2023-11-10
979,Gretl Gorlitz,Magdeburg,Germany,2024-11-10
980,Hassan Thies B.Eng.,Lobenstein,Germany,2024-08-18
981,Inka Girschner,Rockenhausen,Germany,2024-01-13
982,Herr Oswald Hiller B.A.,Kronach,Germany,2024-04-29
983,Claus Warmer B.A.,Amberg,Germany,2024-07-20
984,Dipl.-Ing. Jakob Eimer,Neustadt am Rübenberge,Germany,2024-06-27
985,Elfriede Rörricht,Lichtenfels,Germany,2023-12-19
986,Murat Fröhlich,Fürstenfeldbruck,Germany,2024-03-11
987,Ivanka Schuchhardt,Meppen,Germany,2025-02-02
988,Elli Klingelhöfer,Recklinghausen,Germany,2024-07-17
989,Gertrude Bärer,Cottbus,Germany,2023-12-05
990,Sophia Stiebitz,Roding,Germany,2023-12-27
991,Ing. Hans Dieter Junk,Wittmund,Germany,2024-12-20
992,Sybilla Budig MBA.,Monschau,Germany,2024-04-09
993,Sylvester Geisel-Schwital,Lüdinghausen,Germany,2023-10-05
994,Siglinde Boucsein-Budig,Illertissen,Germany,2023-11-10
995,Ing. Giorgio Söding B.Eng.,Schleiz,Germany,2023-09-15
996,Emilie Martin-Zahn,Wolfratshausen,Germany,2023-08-25
997,Henrike Geisel B.A.,Cuxhaven,Germany,2023-05-04
998,Univ.Prof. Fedor Weimer B.Sc.,Eggenfelden,Germany,2025-01-08
999,Aurelia Dehmel-Bolnbach,Pößneck,Germany,2023-07-17
1000,Aleksej Winkler,Pasewalk,Germany,2023-11-20
